0,9.04,3.886,3.55,3.89,6.74,2.263,2.04,5.19,3.63,4.66,8.59,3,11.3,5.67,0.815,7.22,10.77,7.448,1.149,15,3.7,5.19,3.04,5.07,6.07,11.82,4.67,6.56,3.705,1.63,12.74,2.67
1,1,0,0,1,0,0,0,0,0,0,0,0,0,0,0,0,0,0,0,0,0,0,0,0,0,0,0,0,0,0,0,0
2,13.81,13.02,21.82,14.04,10.98,14.45,24.8,12.64,6.62,14.96,18.62,20.66,15,8.42,9.02,8.17,8.17,20.69,17.21,13.36,17.64,15.11,10.06,19.03,29.3,10.51,14,7.66,17.38,17.19,17,9.51
3,15.23,9.46,15.67,6.14,8.94,5.33,12.93,13.06,3.53,6.53,16.37,7.8,5.34,2.533,4.86,6.67,8.4,6.53,2.33,10.33,3.937,8.67,4.33,5.07,6.33,18.6,11.4,6,9.27,7.27,14.8,2.53
4,16.73,9.45,19.5,12.64,14.46,21.22,22.44,18.06,12.18,9.18,19.88,14.46,15.72,10.46,10.1,6.82,12.37,14.18,19.18,23.8,9,17.4,14,23.6,15.64,7.73,12.09,16.91,16.08,21.68,18,11.36
5,25.3,10.52,23,20.82,10.76,19.8,10.76,11.92,18.98,2.64,6.64,12.24,14.08,18.72,12.08,6.4,7.72,17.04,24.1,9.08,4.84,4.12,3.76,14.72,16.84,8.56,9.28,11.92,16.54,19.54,13.16,8.48
6,2.157,0.513,0,1.26,2.75,0.538,2.44,1.54,2.11,0,2.15,1.333,0.641,2.107,2.305,0.718,0.872,1.436,0.667,0.718,0,0,0,0.5129,1.487,1.1769,0.743,0.846,1.23,0,1.15,0
7,0,0,0,0,0,0,0,0,0,0,0,0,0,0,0,0,0,0,0,1,0,0,0,0,0,0,0,0,0,0,0,0
8,9.58,11.11,4.7,7.69,15.67,6.41,5.92,16.9,6.71,8.83,8.27,7.5,8.27,5.56,2.788,10.15,9.17,3.25,1.351,16.26,3.46,7.17,8.04,6.31,7.37,18.55,2.52,2.103,6.83,4.42,11.61,6.44
9,12.11,4.22,10.33,9.33,5.11,16.78,8,14.11,5.89,4,9.22,13.55,7.67,6.56,8,9.44,10.67,6.78,1.778,12.67,8.55,5,3.22,7.44,9,15.45,8.33,6.89,9,10.55,6.44,3.89
10,0,0,0,1,0,0,0,0,0,0,0,0,0,0,0,0,1,0,0,0,0,0,0,0,0,0,0,0,0,0,0,0
11,18.44,13,34.6,16.11,16.05,14.21,17.65,13.47,8.31,12.53,19.78,19.51,9.11,10.11,14.05,11.63,14.73,14.63,14.15,17.84,8.64,11.84,12.05,11.21,19.31,10.48,20.9,10.16,15.31,20.53,13.74,19.22
12,1.081,0.297,17.65,5.34,0.554,0,3.63,3.99,0.284,10.79,4.92,5.86,0,3.36,4.457,4.863,4.88,6.94,0.878,0.608,0.878,4.83,0.906,6.02,17.87,5.63,2.158,0,2.1105,1.432,0.5136,3.0676
13,1.04,0,0,0.533,0,1.04,0.519,1.629,1.282,0.874,1.038,0,1.04,0,1.038,1.729,0,0,1.038,0,2.17,1.04,1.559,0,0,0,0.519,0.5486,0.519,0.519,0.519,1.907
14,0,1.824,0,0,0,0,0,0,0,0,0,0,0,0,0,0,0,0,0,0,0,0,0,0,0,0,0,0,0,0,0,0
15,0,0,0,0,0,0,0,0,0,0,0,0,0,0,0,0,1,0,0,0,0,0,0,0,1,0,0,0,0,0,0,0
16,0,0,0,0,0,0,0.802,0,0,0.778,0,0,0,0,0,0.494,0,0,0,0,0,0,0,0,0,0,0,0,0,0,0,0
17,1.084,2.095,0.856,5.16,0.361,3.13,4.78,2.6,11.3,6.29,1.239,0.786,3.78,2.84,1.259,8.75,9.16,14.8,4.12,2.603,8.82,10.96,5.44,0.602,1.796,1.843,1.293,0,12.51,3.53,6.46,9.14
18,18.21,11.5,5.06,9.75,5.97,6.22,6.45,6.415,1.798,4.03,4.75,12.76,9.43,2.301,5.6,5.43,8.27,0.349,10.7,3.68,11.02,4.49,4.83,14.03,2.129,1.317,15.17,10.69,3.6,7.62,13.48,6.52
19,2.016,0.667,0,0,1.997,3.11,3.177,5.82,5.28,0,0.867,2.919,3.673,0,2,1.12,4.66,2.247,2.242,2.159,0.667,0,1.334,0.543,0.333,0.762,0,5.51,0,1.978,4.67,0
20,14.22,9.97,14.85,13.26,9.73,10.29,14.03,9.01,6.2,12.08,10.93,13.24,11.06,10.6,13.78,8.03,9.83,10.83,11.95,14.3,8.56,8.62,6.97,13.87,13.8,7.87,13.77,6.55,13.75,13.01,11.29,11.25
21,12.75,16.03,29.3,15.07,15.31,12.78,23.5,15.68,11.44,17.08,18.68,20.08,21.18,11.78,11.22,7.32,14.29,12.07,17.35,13.27,15.83,16.05,16.81,18.22,20.92,8.36,15.43,5.14,17.69,9.98,13.51,15.85
22,0.537,1.621,1.96,5,0.528,2.73,7.86,1.886,14.43,8.7,0.492,1.228,4.02,3.31,1.793,8.79,8.45,19.36,7.33,1.427,9.65,9.13,5.72,0.727,2.25,1.662,3.28,0,15.99,4.58,8.62,9.81
23,0,1.17,6.01,0.878,5.62,0.8558,0.3116,1.841,0.866,3.633,0.389,3.31,0.878,0,4.9,0.378,1.345,1.78,1.12,1.934,0,1.754,2.72,0.878,0,1.814,0.467,3.62,2.81,1.11,0,0.6
24,0,0,0,1,0,0,0,0,0,0,0,0,0,0,0,0,1,0,0,0,0,0,0,0,0,0,0,0,0,0,0,0
25,0,0,0,0,0,0,0,0.92,0,0,0,0.48,0,0,0,0.56,0,0,0,0,0,0,0,0,0,0,0,0,0,0,0,0
26,7.42,3.43,1.122,1.28,4.45,7.51,7.5,6.34,10.1,0.565,3.93,8.41,4.79,3.35,9.68,4.87,8.02,5.03,7.14,4.93,4.8,0.146,1.601,3.35,0,5.74,0.773,8.43,1.752,4.32,7.24,0
27,0,0,0,0,0,0,0,0,0,0,0,0,0,0,0,0,0,0,0.753,0,0,0,0,0,0,0,0,0,0,0,0,0.864
28,1,0,0,0,0,0,0,0,0,0,0,0,0,0,0.857,0,0,0,0,0,0,0,0,0,0,0,0,0,0,0,0,0
29,0,0.37,0,0,0,0,0,0,0,0,0,0.704,0,0,0,0,0,0,0,0.864,0,0,0,0,0,0,0,0,0,0,0,0
30,1.784,3.218,2.331,1.063,0,0.25,3.16,1.294,1.049,0.472,0.111,5.32,0.431,4.58,4.73,0,0.139,0.486,1.361,0.9863,2.026,0.458,0.5207,2.562,0.778,1.772,0.486,1.294,0.174,1.32,0.66,1.493
31,0.4447,3.14,2.77,8.31,14.08,0.555,3.4,5.01,8.22,1.601,7.64,0.958,0.5359,15.84,6.99,4.52,2.4,3.72,6.24,4.27,1.744,2.54,0.24,4.72,9.94,9.3,11.74,0.454,1.003,9.1,0.659,1.494
32,0.648,0.648,1.3,2.143,0.491,1.948,3.96,1.111,8.45,2.188,0.981,0,0,0.944,0.648,3.16,5.08,6.62,0.741,0.648,4.22,0.843,0,0,0.648,0,0,0,5.46,1.296,3.24,4.55
33,0,0,1.33,0,0,1.386,0.693,0,2.883,1.39,0,0.693,0.693,5.87,0,4.16,0.158,0.693,0,2.723,0,1.71,2.95,5.12,2.773,0.307,2.78,2.357,0.366,0.693,0,0.158
34,8.78,7.22,4.78,4,3,2,14.4,8.78,2,4.222,2,8,1,5.44,7.33,2.22,5,0,1,10.89,3.56,3.55,1,1.22,4.67,8,4,3.44,2.44,6.44,2.11,2
35,4.5,0.333,3.91,2,1.75,4.33,3.08,3.92,3,1.833,2.83,2,0,0,0,0.25,1,0,0,1.08,2,1.25,2,2,6.25,1,1,0,1.167,1,2.667,3
36,1.517,1.35,2.96,3.31,1.35,3.95,1.348,3.34,0.652,2.13,1.786,3.263,4.74,1,3.6,0.609,2.482,1.6535,1.35,0.695,3.917,0,0.0435000000000001,1.479,1.17,5,1.043,0.348,0.435,0.87,1.217,1.48
37,20.38,10.55,24.6,14.66,13.26,12.12,18.75,13.8,7.63,11.94,17,17.57,8.76,8.43,14.56,11.85,13.59,14.45,16.44,22.5,12.03,13.37,12.1,15.64,15.87,11.06,20.8,12.16,13.43,11.73,14.14,13.87
38,19.18,14.3,23.3,14.05,15.73,12.88,17.42,14.28,14.18,24.6,18.17,26,18.8,17.38,11.97,7.14,15.17,17.08,15.25,20.38,19.92,13.92,12.91,17.01,19.47,5.775,17.95,11.78,15.95,11,12.65,15.95
39,9.93,3.292,3.95,2.76,3.35,2.36,7.62,6.22,1.031,1.738,2.305,7.08,0.47,2.488,6,1.48,1.045,0,0.4242,3.004,3.77,2.211,1.996,2.092,6.06,4.73,1.363,2.125,1.42,3.33,2.54,3.18
40,0.494,0.486,4.77,0.533,5.49,0.324,1.162,2.71,1.204,3.79,0.859,2.97,2.341,0.366,5.69,0.893,2.095,1.152,3.25,2.87,3.39,4.2,4.72,1.094,0.974,3.92,0.23,4.06,0,1.533,0,2.2
41,0,0.462,0,0,0,0,0,0,0,0,0.538,0,0,0,0,0,0,0,0,0,0.462,0,0,0,0,0,0.628,0,0,0,0,0
42,0.899,2.41,3.34,0.591,1.141,0.591,1.94,0.386,4.86,7.36,2.86,2.029,3.93,13,0.277,12.39,1.607,0.313,0.1876,2.25,0.937,4.11,8.97,10.5,5.71,2.08,8.75,5.34,1.816,1.706,0.966,4.52
43,0,0.9483,0.897,0,0,0,0,0,0,0,0,0,0,0,0,0,0,0.872,0,0.154,0,0,0.897,0.859,0,0,0.0769,0.885,0,0,0,0
44,0,0,1.575,0,0,0,0,0.782,0,1.61,0,0,0,0,0,0,0,0,0.805,0,0,1.61,0,0,0,0.805,0,2.15,0,0,0,0.805
45,15.84,9.76,17.1,19.18,12.44,15.7,13.76,9.23,14.8,3.83,10.39,8.76,15.59,11.66,10.79,8.49,10.79,10.21,17.36,7.8,10.28,6.88,3.95,17.4,18.77,13.17,11.67,9.66,16.29,22.74,16.96,8.6
46,0,0,0,1,0,0.971,0,0,0,0,0,0,0,0,0,0,0,0,0,0,0,0,1,0,0,0,0,0,0,0,0,0
47,8.43,5.38,0.325,5.93,8.96,5.55,6.39,10.74,5.91,2.542,5.06,8.56,6.33,10.53,11.82,5.92,4.27,3.93,10.48,9.24,4.3,1.109,3.39,8.95,1.979,6.65,6.63,4.63,3.63,4.5,3.81,1.18
48,3.24,0.391,4.63,0,0.827,3.635,2.047,4.34,3.68,1.1845,2.94,2.255,0,0,0,2.036,0.632,0.0575000000000001,0,2.211,0.609,2.668,0.379,1.72,4.186,0.678,0.333,0.161,2.237,1.56,1.928,3.72
49,1,0,0,0,0,0,0.934,0,0,0,0,0,0,0,0,0,0,0,0,0.426,0,0,0,0,0,0,0,0,0,0,0,0
50,0.916,0,0.4688,1.201,1.491,1.297,1.498,2.72,0.957,4.14,3.03,0.65,0.2158,0.2599,1.929,3.31,0,2.52,1.864,1.058,4.17,0.502,5.13,0.524,0,0.527,0.757,2.25,1.375,0.0937999999999999,1.263,3.89
51,0,0,0,0,0,0,0,0,0,0,0,0,0,0,0.864,0,0,0,0.679,0.556,0,0,0,0.136,0,0,0,0,0,0,0,0
52,0.343,2.082,4.92,8.91,7.85,1.939,3.245,2.473,5.94,0.868,4.99,0.0294000000000001,0.725,13.25,5.98,2.94,2.006,3.19,4.03,3.9,2.037,1.216,1.348,4.17,6.72,9.99,9.4,0.578,2.35,5.78,1.373,0.7601
53,6.87,5.457,4.12,2.336,7.75,2.77,0.895,5.48,2.458,6.33,13.71,3.52,12.94,4.17,1.58,7.83,14.38,5.48,3.06,6.65,5.14,3.005,3.3,5.65,6.04,11.64,5.9,4.44,5.46,5.25,5.88,2.54
54,7.35,3.85,6.14,2.19,2.83,12.77,3.33,10.14,3.775,2.42,6.58,6.73,1.812,5.42,6.84,5.54,9.31,0.958,0.792,11.48,9.62,1.729,1,10.56,3.58,2.962,4.58,4.5,2.16,7.72,1.313,4.38
55,2.872,1.56,2.718,1.416,2.446,3.64,7.46,7.67,1.653,4.32,1.834,4.55,0.431,3.47,1.68,1.682,4.83,0,0.875,9.06,3.111,3.807,0.736,1.567,7.53,0.972,3.291,2.91,1.991,6.11,1.278,0.347
56,0,0.0611999999999999,0.98,0,1.612,0,0.9594,0.286,2.0612,4.59,1.29,1.713,1.576,2.224,0,7.86,0.551,0,0,1.613,1.082,2.25,1.327,2.617,3.184,0,3.914,3.287,1.796,0.184,0.1424,2.204
57,13.48,5.72,3.31,9.32,13.41,10.36,13.35,20.9,14.03,2.78,10.03,11.98,4.34,14.27,15.41,14.93,10.21,7.44,16.19,14.81,6,1.188,4.42,8.29,9.53,19.63,11.65,10.69,5.62,8.25,10.65,1.328
58,16.74,8.58,16.4,16.32,11.08,18.65,11.51,6.65,15.27,4.29,9.54,8.45,18.08,13.38,10.42,8.59,10.32,6.96,18.8,9.75,9.97,8.92,3.86,12.87,14.96,11.16,14.54,8.93,13.97,16.3,12.85,7.03
59,2,0,1.526,2,0,0,0.789,2.21,1,1,0,1,4.1,1.895,0.263,3,0,0,0,0,0,1.68,2.63,1,2,0.579,0.842,0,1.316,1,2.68,0
60,7.74,3.5,8.32,10.08,2.98,8.57,3.94,5.15,7.8,0.255,3.87,2.622,8.01,7,5.35,3.77,4.24,1.94,8.89,1.978,3.24,4.62,2.49,6.03,9.35,7.91,3.99,4.03,8.95,10.55,7.01,2.48
61,0.429,0,0,0,0,1,0,0,0.429,0.571,0,0.286,0,0,0,0,0,0,0,0,0,0,0,0.286,0,0,0,0,0.643,0.286,1.856,0.571
62,0,0.148,3.6441,0,1.06,0,0,0.605,3.26,0.506,0.2838,1.773,2.159,0,3.21,0,3.058,1.197,0,2.855,4.08,6.011,1.659,0,0.346,1,0,4.12,0,1.395,0,4.42
63,16.34,11.83,29.6,14.75,12.83,10.83,20.15,10.5,11.08,17.5,12.92,24.12,15.42,13.25,10.33,7.92,14.33,16.5,20.68,16.92,20.97,13.42,12.92,17.16,27.98,10.5,13.25,12.41,16.45,14.75,10.66,6.08
64,0,1.228,0.614,3.29,4.41,0.0350999999999999,0.614,4.294,2.474,0,2.784,0.0876999999999999,0.316,4.31,4.3,1.228,0.614,3.074,1.254,0.667,0.614,0.614,0.404,0.211,4.91,3.07,4.85,0,1.23,4.824,0,2.454
65,10.93,3.92,12.9,18.28,6.96,12.38,7.31,6.52,12.26,3.485,8.09,5.27,9.1,10,10.64,4.82,6.43,5.54,17.59,6.66,7.64,5.42,5.067,10.72,10.06,6.36,6.73,8.39,18.24,9.66,8.93,8.94
66,12.4,15.25,21.2,12.55,14.3,17.75,25.9,14.2,8.7,9.85,20.6,16.2,18.6,8.3,11.65,5.9,14.45,15.35,17.55,16.6,10.2,17.35,14.55,21.6,15.8,7.5,13,9.85,18.1,17.6,14.8,12.85
67,18,9,16.52,10.75,15.89,15.89,17.03,17.31,13.46,14.5,17.25,22.98,14.5,12.89,11.89,8.57,15.89,12.79,13.21,18.29,9.68,14.43,13.43,26.2,15.07,7.93,11.9,16.07,18.33,23.74,15.07,15.66
68,0,1.908,0.848,0,0.152,1.152,1,2.52,1,2.359,0,0,0,3.57,0.788,3.88,7.79,0,0.97,6.88,6.18,1,0.212,5.34,2,0,3,2.305,0,2.366,0,0
69,0,0.0725,0,0,0,0,0,0,0,0,0,0,0,0,0,0,0,0,0,0,0,0,0,0,0,0.261,0,0,0,1,0.971,0
70,17.56,13.59,5.35,13.02,8.62,19.24,15.55,12.52,8.83,9.83,8.22,14.87,9.29,4.31,10.52,4.477,12.55,12.08,17.19,18.31,13.11,10.65,7.98,14.91,6.12,4.11,16.9,10.45,12,9.4,6.39,12.93
71,14.72,7.05,19.71,20.44,11.79,19.28,8.46,9.58,13.37,5.52,9.14,7.47,14.25,12.83,9.21,8.16,10.55,8,20.11,13.74,6.44,4.708,3.782,16.74,20.53,11.65,8.47,9.68,15.03,25.2,16.66,12.55
72,16.04,12.7,11.83,11.8,8.12,16.39,21.78,14.45,6.665,14.69,19.44,20.57,14.31,14.04,12.96,8.34,7.63,23.3,15.78,18.04,14.72,10.85,10.66,18.04,20.59,8.43,15.77,13.02,13.79,19.68,14.14,8.44
73,2.027,0.976,2.854,0,0.0741000000000001,0.951,2.255,5.64,1.43,0.877,1.744,0.457,5.62,0.605,0,1.569,1.074,2.74,0,0,0.173,2.199,4.51,0,2.985,1.37,2.098,0.148,4.564,2.616,5.35,0.605
74,17.44,16.59,32.8,12,14.95,13.3,18.02,15.47,6.3,15.71,17.9,13.76,8.76,9.76,17.65,12.76,13.05,16.14,17.7,21.35,10.71,14.17,8.76,12.47,12.94,11.47,21.29,12.83,13.24,16.06,17.08,15.97
75,9.69,12.76,7.99,6.82,10.56,5.66,9.52,14.94,5.13,8.56,7.7,12.49,8.02,8.3,5.11,8.15,9.97,4.09,4.26,14.96,7.23,7.64,7.81,5.23,10.64,21.11,3.88,4.58,7.48,6.79,8.38,6.58
76,10.86,4.26,1.643,1.044,6.18,10.61,5.45,3.9,4.66,0.515,2.86,9.21,3.125,2.28,7.16,6.31,5.86,6.73,5.74,3.96,3.79,0.343,2.597,3.61,0,5.4,0,9.49,0.985,1.248,7.65,0
77,0.79,0.605,0.0123,0,0,1.333,1.26,1.346,0.1111,2.25,0,0.63,0.0369999999999999,3.27,1.358,3.8,4.49,0.679,0.642,4.362,3.85,0.79,1.533,3.48,0,1,2.5217,2.375,0.235,6.47,0,0
78,1,0,0,0,0,0,0,0,0,0,0,0,0,0,0,0,0,0,0,0,0,0,0,0,0,0,0,0,0.956,0,0,0
79,0.753,0,1.462,0.383,5.53,0,1.395,4.22,0.0864,1.646,0,0,3.45,0,2.79,0,0.716,0,2.05,2.484,0,0,0,1.33,0,0.938,1.74,2.76,0.667,1.36,0,0
80,0.13,7.22,1.201,0.677,0.0935999999999999,1.778,1.265,1.775,3.16,0.448,1.405,0.636,3.62,0.2124,0.2806,0.374,0.562,0.09761,0.187,0.518,1.959,3.31,1.115,1.716,0.56,0.67,3,3.4,0.848,0.374,1.919,3.4
81,3,7.72,0,2.86,2,0,2,0,1,3,4.57,5.57,0,0,0,1,0,2,0,1.571,1,0,2,0,0,5.43,2.71,1,2,0,4.14,0
82,0,0,0,0,0,0,0,0,0,0,0,0,0,0.5,0,0,0,0,0,0,0,0,0,0,0,0.5,0,0,0,0,0,0
83,0,0,0,0,0,0,0.863,0,0,0,0,0,0,0.875,0,0,0,0,0,0,0,0,0,0,0.488,0,0,0,0,0,0,0
84,0,0,0,0,0,0,0,0,0,0,0.778,0,0.481,0,0,0,0,0,0,0,0,0,0,0,0,0,0,0,0,0,0,0
85,0,0,0,0,0,0,0,0,0,0,0,0,0,0,0,0,0,0,0.914,0.886,0,0,0,0,0,0,0,0,0,0,0,0
86,3.17,0.2775,0.731,0.1378,0,3.08,0.275,0.486,0.759,2.045,1.773,2.92,0.218,0.321,1.016,1.133,0.338,1.392,2.246,0.605,0.1378,1.575,1.603,3.46,1.164,1.104,0.0689,2.57,1.625,4.7,0.928,0.494
87,3.78,7.41,2.44,4.222,10.78,1.337,3.03,3.37,1.926,6.4,7.26,3.366,6.96,5.26,1,7,9.34,4.63,0.741,11.15,2.444,6.85,8.81,4.521,5.6,19.21,2.921,2.7,7.33,3,10.48,3.19
88,4.27,3.24,6.94,6.36,7.27,2.891,2.72,0.777,3.83,3.318,8.14,3.72,7.71,0.741,0.9628,3.56,0,7.32,1.925,6.02,3.807,2.506,2.848,2.22,4.37,8.89,3.23,3.175,4.91,0.457,4.83,0.951
89,0.543,0.543,2.71,3.06,3.09,0.543,0.76,1.512,1.09,1.663,0.543,1.484,3.11,0.543,1.57,1.222,2.52,0,0.543,0.612,1.08,2.72,4.15,1.09,0.543,1.772,0.543,5.43,0,2.28,0.543,0.287
90,8.3,3.1,0.598,2.011,5.24,6.14,6.85,3.54,6.72,0.448,5.18,4.27,4.41,2.48,5.22,6.01,8.8,4.42,3.44,4.85,3.864,0,0.655,1.747,0,2.78,0.724,6.72,3.61,0.747,7.37,0
91,16.5,16.71,28.7,13.34,13.83,16.26,16.73,13.23,8.16,18.44,14.91,10.5,6.61,8.89,16.28,11,13.66,17.5,22.2,24.8,12.33,18.06,6.78,18.72,7.39,11.78,18.06,15.06,14.22,11.94,15.77,14.39
92,2.596,2.551,0.2717,3.01,0,0.111,6.2,2.82,3.01,0,1.221,5.37,0.8147,4,4.39,0,0.568,0,0.0988,0.679,2.87,0,0,3.1,0.37,3.69,0.333,2.182,0,1.814,0.0369999999999999,2.137
93,1.419,0,1.613,0.5485,0,3.23,0.677,5.32,0.839,0.71,0.742,0.935,2.254,2.156,0,2.94,0,0.71,0,0.0645,0.161,1.226,1.548,1.48,1.932,0,0,0,0.774,0.484,1.935,0
94,0,0,0,0,0,0.79,0,0,0,0,0,0,0,0.852,0,0,0,0,0,0,0,0,0,0,0,0,0,0,0,0,0,0
95,9,8.55,8.25,10.02,18.2,12.35,8.03,9.19,15.85,2.144,11.08,9.91,6.2,18.52,16.44,11.93,10.39,9.79,9.13,6.87,11.53,3.12,4.95,11.17,8.54,18.3,15.31,11.98,2.79,9.59,14.89,1.654
96,0,0.432,2.84,0.753,2.06,0.0493999999999999,0,2.16,0,0.519,1.308,4.1,2.26,0,4.133,1.21,1.148,1.024,0,1.509,2.95,3.639,3.114,0,0.173,0.741,0,5.31,0.136,2.235,0,1.987
97,19.56,9.44,20.72,17.65,9.23,19.66,10.33,6.04,15.45,5.25,10.76,11.89,17.42,14.02,14.52,4.56,10.79,9.05,28,9.47,6.17,5.06,2.39,10.73,14.13,13.08,9.21,11.25,15.04,19.25,9.05,10.75
98,5.48,4.48,9.91,4.38,5.37,4.04,6.17,4.019,1.37,3.096,5.67,6.13,5.73,4.83,2.903,4.52,2.87,6.88,6.31,3.037,7.59,3.54,3.305,4.37,5.37,3.466,7.81,1.846,7.98,10.19,7.85,1.442
99,11.06,13.5,5.11,11.77,7.94,10,7.66,7.17,2,3.44,7.33,10.78,10.77,2.227,5.5,3.28,8.28,0,8,3.95,7.22,2.94,5.06,11.78,0.889,1,21.51,8.61,2.89,8.56,12.05,6.55
100,4,0.2976,3.369,0.5,2.62,3.124,3.31,5.75,1.831,1.95,1.7857,1.334,0,0,0,0.0476000000000001,0,0,0,0.786,1.477,3.65,0.404,1.024,3.514,1.452,1.62,0,2.37,0.25,1.31,1.544
101,0,1,0,0,0,0,0,0,0,0,0,0,0,0,0,0,0,0,0,0,0,0,0,0,0,0,0,0,0,0,0,1
102,17.27,14,10.22,12.24,10.39,18.4,10.85,8.15,10.97,7.93,8.34,15.03,11.42,4.22,7.69,5.3,7.95,8.78,15.49,16.48,12.04,7.49,11.08,11.63,9.1,4.39,17.24,6.83,13.22,17.49,8.95,13.32
103,3.98,0,1.9519,1.717,2.443,5.76,2.949,9.44,1.369,2.801,2.211,1.119,0,0.56,2.103,1.36,0.833,0,0.512,1.451,1.083,1.476,0,0.56,2.77,0.274,0,0,1.571,0.941,0.833,0.702
104,12.25,13.25,10.25,5.75,8,3,15.2,10,3,6,9.5,18,1,10,7.75,5,5,0,2,14,5,4,1,4,5.75,23.75,5,5,5.25,6.5,10.75,5.5
105,8.15,8.03,5.95,5.28,4.52,4.75,4.46,12.2,5.589,5.44,8.36,9.74,10.46,6.31,7.92,4.253,10.56,3.95,4.41,7.02,9.66,1.28,2.438,6.92,5.204,13.54,5.52,5,4.26,6.74,3.54,3.953
106,1.99,4.02,1.31,1.802,0,0.914,6.36,1.037,1.691,0.778,1.05,2.71,0.444,0.951,4.5,0,0.0741000000000001,0,2.91,0.864,1.333,0.864,0,3.104,1.024,3.69,0.222,1.545,0.691,2.579,0.309,0.543
107,13.93,3.093,5.63,5.41,10.54,9.5,4.39,14.16,5,3.76,10.25,6.35,8.96,4.85,0.648,8.14,10.63,7.26,0.259,11.92,2.95,6.55,3.407,5.114,9.96,10.74,7.3,5.53,5.4,7.91,13.33,5.78
108,0,0,0,0,0.167,0,0,0,0,0,0,0,0,0,0,0,0,0,0,0,0.833,1,0,0,0,0,1.61,0,0,0,0,0
109,16.5,13.25,12.25,10.25,14,16,10.25,8,8,4.5,9.5,14.75,9,4,6,9,5,6.5,13,15,12.5,7,12.75,8,9,5,19.25,9,12.75,19.8,10.25,15
110,0,0,0,0,0,0,0,0,0,0,0,0,0,0,0,0,0,0,0,0,0,0,0,0,0,0,0,0,0,0,1,1
111,4.4,0.716,16.36,4.36,8.85,8.85,10.93,7.47,7.39,8.96,8.94,8.71,8.66,11.2,4.38,4.47,5.2,11.61,5.66,8.37,1.086,7.99,10.59,5.47,17.98,5.84,4.01,1.235,13.04,6.41,2.84,3.76
112,0,0,0,0,0,0,0,0,0.841,0,0,0,0,0,0,0,0,0,0,0,0,0,0,0,0,0,0,0,0,0,0,0.986
113,13,11,13,4.5,10.5,4,18.5,15.5,4.5,5.5,11.5,18,5.5,10,7.5,5.5,7,5,2,16,6,9,4,4,5,24.5,4.5,5,9,8,11,6
114,0.224,1.026,0,0,0,0.921,0.803,1.88,0.0789,1.829,0.934,0,0,1.05,0.829,1.119,6.15,0,0,2.011,0.4606,0.711,0.487,0.987,0.684,0.671,0.237,1.381,1.566,0.882,0,0
115,12.87,10.4,9.2,7.404,8.74,4.64,8.02,15.6,7.83,4.31,11.09,13.49,8.2,9.95,3.67,3.71,3.33,3.44,2.13,8.49,3.11,2.6,4.8,3.09,11.91,17.49,2.289,4.36,8.15,3.36,7,7.86
116,2.468,3.97,6.65,3.06,6.64,3.1,5.69,6.58,2.252,7.86,8.7,7.16,7.42,4.72,0.914,4.23,5.39,4.77,1.988,13.05,1.717,5.37,3.17,3.66,2.039,15.43,8.63,6.34,4.92,4.78,9.28,1.993
117,20.14,13.78,19.25,16.05,16.69,13.54,21.53,16.17,9.27,6.29,13.92,13.84,14.08,9.84,13.79,8.25,8.84,8.11,13.6,17.9,10.27,10.95,18.28,21.9,13.76,5.48,11.27,14.59,14.08,11.89,18.45,11.81
118,1.358,0,2.67,0,4.03,0.198,1.872,2.312,0.0123,1.646,0,0.272,7.64,0,7.9,0.617,1.1123,0,3.48,0.864,0,0,0.951,0,0.827,2.29,0,3.365,0.247,0.21,0,0
119,1,0.593,5.5,0.0592999999999999,6.52,0.678,2.123,2.529,0.6099,1.577,1.449,3.33,4.52,0,8.62,0.169,3.156,3.012,3.11,2.279,3.81,5.17,3.08,1.42,0.381,3.35,0.6184,6.71,1.651,2.617,0,4.73
120,15.63,11.33,19.7,12.67,15.84,20,25.1,16.5,11.17,8,19.5,15,15.5,9,9.33,6,13.33,15.67,18.33,22.1,8.67,17.17,14.8,24.33,16.33,7.83,10.66,15,15.2,21.3,16.5,11.33
121,0,0,0,0,0,0,0,0,0,0,0,0,0,0.781,0,0,0,1,0,0,0,0,0,0,0,0,0,0,0,0,0,0
122,10.69,5.45,6.94,2.14,6.64,4.974,9.56,10.25,2.306,6.198,10.14,10.11,5.36,4.03,1.778,4.25,2.25,2.837,1.03,10.83,2.83,4.53,6.98,2.19,8.89,17.89,2.141,0.444,6.42,2.06,8.42,2.472
123,0.908,0,0,0,0,0,0,0,0,0,0,0,0,0,0,0,0,0,0,0,0,0,0,0.969,0,0,0,0,0.477,0,0,0
124,20.05,9.27,19.71,20.62,9.96,23.8,10.24,11.32,22.36,2.4636,8.17,10.86,12.39,17.47,10.43,7.66,8.75,13.98,23.2,15.71,6.98,9.11,6,15.09,16.84,8.41,7.82,15.07,20.03,20.88,16.18,10.95
125,6.12,4.72,5.14,3.99,2.42,6.19,5.13,12.62,4.342,1.05,4.92,8.58,1.73,5.35,4.64,3.001,0,0.333,0,7.16,4.08,1.31,0,2.75,5.28,4.94,1.961,4.95,0.691,1.954,0.605,3.035
126,18.82,13.1,23.2,17.12,12.64,17,14.42,12.74,6,13.22,17.27,20.67,14.71,10.97,9.45,11.91,12.16,12.84,15.25,19.27,11.87,9.22,14.29,16.68,19.47,11.13,21.63,9.07,16.22,13.93,12.81,14.81
127,0.21,2.029,3.11,8.32,8.53,1.138,2.438,6.74,5.77,1.484,5.57,0.63,0.435,12.42,6.03,2.734,2.415,3.46,3.98,4.1,1.445,1.739,0.444,3.88,7.09,10.01,7.97,0.4921,3.58,5.39,1.313,0.21
128,16,8,18,17,5.5,18.25,10.25,5.25,16.2,6,12.25,9,19.25,11,15.25,5,12.25,5,27.7,9,11,9.75,2,8.25,11.75,16,9.75,11.5,20.55,15.7,8,12.25
129,23.11,13.72,16.7,11.73,13.6,12.78,18.08,13.12,9.31,19.02,17.12,22.09,21.66,14.98,14.3,8.51,15.32,9.8,10.43,12.87,9.39,11.36,14.58,27.7,17.72,7.9,18.2,11.47,20.57,14.91,15.36,16.74
130,15.44,15.39,23.73,13.32,12.13,18.8,16.06,12.15,8.87,20.86,8.35,12.15,8.37,8.3,19.17,7.22,17.06,19.91,19.53,26.13,13.72,15.13,5.85,25.5,17.6,10.61,14.91,9.89,15.59,12.63,13.92,14.85
131,0,0,0,0,0,0,0,0,0,0,0,0,0,0,0,0,0,0.765,0,0,0,0,0,0,0,0,0,0,0,0,0,0.864
132,1,2.35,2.53,6.42,9.53,1,4.12,7.47,11.23,1.471,2.592,0,0,14.76,4,3.47,2.82,1.59,7.24,7.35,0.412,3,0.588,5.7,10.36,4.82,7.59,0,1,9.59,0,1
133,0,0,0,0.692,0,0,0,0,0,0,0,0,0,0,0,0,0,0,0,0.897,0,0,0,0,0,0,0,0,0,0,0.897,0
134,0,0,0,0,0,0,0,0,0,0,0,0.114,0.614,0.9,0,0,1,0,0,0,0,0,0,0,0,0,0,0,0,0,0,0
135,7.78,6.33,9.53,5.27,6.68,2.882,4.99,5.853,2.891,5.26,7.04,6.13,6.78,4.61,0.485,5.46,8.65,6.329,1.016,15.4,1.6858,4.47,5.17,5.59,3.35,13.02,2.92,6.37,8.06,6.98,14.79,2.753
136,4.5,2,5,4,2,5.25,3,8,2.5,4.25,3.75,7,8,4,6.75,1.5,5,3,3,2.5,6,0.5,1,3.75,2,7,2,1,4,4.5,4.5,3
137,17.87,11.93,22.7,13.79,10.35,10.67,15.29,9.32,9.63,12.39,13.82,20.32,13.36,16.33,8.85,7.29,14.16,19.93,19.51,13.13,18.42,12.96,11.1,14.1,19.68,10.04,14.06,14.89,11.68,19.53,13.61,8.77
138,0,0,0,0,0,0,0,0,0,0,0.0793999999999999,0,0,0,0,1,0,0,0.778,0,0,0,0,0,0,0,0,0,0,0,0,0
139,0,0,0,0.819,0,0.0723,0,1.674,0,0,0,0,0,0,0,0.843,0,0,0.843,0,0,0,1.686,0,0,0,0.843,0,0,0.53,0,1.759
140,8.8,12.87,4.8,8.07,13.13,8.67,4.66,19.87,6.8,8.53,7.07,8.13,8.07,5.94,0.267,10.8,9.6,3,1,10.2,2.2,8.47,5.33,3.6,5.27,16.26,3.13,3.73,6.53,4.2,11.13,9.93
141,0,0,0,0,0,0,0,0,0,0,0.433,0,0,0,0,0,0,0,0,0,0,0,0.683,0,0,1,0,0,0,0,0,0
142,10.86,8.67,14.14,6.2,7.6,5,14.74,6.997,2.27,3.467,14.54,6.73,7,3.2,4.47,4.73,6.07,8.2,3.8,10.74,2.137,6.14,3.87,6.53,2.203,16.4,7.47,6,6.53,8,14.47,3.337
143,0,0,1,0,0,0,0,0,0,0,0,0,0,0,0,0,0,0,0,0,0,0,0,0,0,0,0,0,0,0,0,0
144,0,0,0,0,0,0,0.27,0,0,0,0,0,0,0,0,0,0,0,0.838,0,0,0,0,0,0,0,0,0,0,0,0.824,0
145,0,0,0.779,0,0,0,0,0,0,0,0,0,0,0,0,0,0,0,0,0.956,0,0,0,0,0,0,0,0,0,0,0,0
146,0.0519000000000001,5.01,0.519,0,0,0.519,1.038,0,0,0.304,0.763,0.519,0.83,0.519,0,0,1.04,0,0.519,1.038,0.0741000000000001,5.58,0.519,1.312,0.519,0,0,1.639,0.837,0,1.038,0.756
147,1,0,16.69,3,1,0,5.38,3.62,1,11.31,4.538,3,0,3.31,3.31,4.92,3,10.77,1,1,2,7,1,6,12.31,3.23,5.69,0,1.38,1,0.846,0.77
148,9.34,4.5,0.822,0.587,4.69,12.72,7.11,5.54,9.51,0.409,3.26,6.99,5.49,4.69,6.75,9.97,7.61,6.6,6.93,6.11,3.75,0.646,2.7,2.84,0,4.7,0.04,12.77,1.597,0.4,11.84,0
149,2.44,4.33,2.204,0.785,0.748,0,2.494,2.263,0.452,0,1,2.611,1.267,3.45,4,0,0.519,0,1.459,0.519,0.911,0,0,1.87,0.496,1.282,0.467,1.311,0,1.289,0.452,1.03
150,4.2,4.04,4.76,7.53,4.89,2.171,1.325,0,2.679,2.533,8.65,8.06,0,3.21,0.026,1.848,0,0,0.273,4.11,1.933,0.519,0.442,2.177,0.87,15.27,0.532,0.883,2.3,0,2.69,2.482
151,6.5,4,2,3.5,8,5,2.75,3.75,4,6.75,5,4.25,4.25,1,1,5.25,0,2.25,2,3,3,3,5,3,3.5,18.25,4,0,6.75,2,5.5,2
152,4.19,8,2.208,5.84,6.24,0.0263,3.891,2.63,1.658,3.73,5.32,6.13,4.69,3,1,3.656,0,3.19,0,3.661,1.447,2.922,4.26,1.658,3.583,10.52,3.814,1.5,5.82,0.947,8.74,1.632
153,11.5,6.72,2.7,1.976,11.67,7.22,10.48,10.91,4.419,11.17,8.92,11.39,6.14,3.69,1.444,4.86,7.61,2.58,3.36,13.84,8.89,8.36,7.53,5.42,8.39,19.78,8,3.06,6.87,7.64,9.75,1.81
154,19.1,7.25,15.03,18.13,10.48,20.01,9.19,11.95,16.38,4.55,12.34,10.28,13.93,12.98,13,7.47,13.02,9.09,22.6,10.11,6.04,7.15,3.1,16.33,19.16,12.45,7.48,12.44,14.29,25.55,16.55,12.54
155,1.885,6.21,0.14,2.33,1.162,0,2.327,0.907,0,2.051,2.6,2.84,0,0.628,1.046,0.884,0,0.395,0.884,0.116,0.581,0,0.605,0.233,0,1.395,1.326,0.419,1.674,0.93,1.6,0
156,8.75,6.38,7.18,7.5,7.5,3.097,7.5,6.15,3.3,7.08,13.12,4.8,7.02,5.12,5.44,4.27,11.91,4.95,3.58,11.93,5.92,3.91,3.17,7.62,4.59,15.52,9.7,11.23,5.78,3.883,7.85,2.17
